WaterClassify,Total_Volume,Mean_Duration,Count,MeterNumber,GW,CustomerId,Month
HighCon,28.0078125,38.1,2,19240566,b827eb5e5925,10849,['2023-06']
LowCon,261.375,0.92,1022,19240566,b827eb5e5925,10849,['2023-06']
MedCon,56.7890625,6.95,7,19240566,b827eb5e5925,10849,['2023-06']
Outliers,112.5390625,10.41,1,19240566,b827eb5e5925,10849,['2023-06']
